{
   "dashboards": [{
      "autoswitchEnabled": false,
      "columnCount": 1,
      "columnProportion": "1-1",
      "creationTime": 1593622874738,
      "dashboardNavigations": {},
      "description": "",
      "disabled": false,
      "gridsterMaxColumns": 12,
      "hidden": false,
      "homeTab": false,
      "id": "10143f5f-d51c-4ebb-ba00-eec7db31ee7c",
      "importAttempts": 0,
      "importComplete": true,
      "lastUpdateTime": 1605024587548,
      "lastUpdateUserId": "340a8589-9ead-4e01-9f11-0429c53ff388",
      "locked": false,
      "name": "VMignite.com - VM Uptime",
      "rank": 0,
      "shared": false,
      "states": [{
         "key": "permDashboardTime_dashboard_10143f5f-d51c-4ebb-ba00-eec7db31ee7c",
         "value": "o%3AdateRange%3Ds%253Alast7Days%5EdateRangeText%3Ds%253A7D"
      }],
      "temporary": false,
      "userId": "340a8589-9ead-4e01-9f11-0429c53ff388",
      "widgetInteractions": [
         {
            "type": "resourceId",
            "widgetIdProvider": "83ba2582-6267-4b31-8fd4-448f930cb54b",
            "widgetIdReceiver": "2884a815-b173-4bc1-b251-4102dd0f5ca4"
         },
         {
            "type": "resourceId",
            "widgetIdProvider": "83ba2582-6267-4b31-8fd4-448f930cb54b",
            "widgetIdReceiver": "0b635224-a03e-458d-bdb1-5a501b54796d"
         },
         {
            "type": "resourceId",
            "widgetIdProvider": "83ba2582-6267-4b31-8fd4-448f930cb54b",
            "widgetIdReceiver": "dfb16d84-9704-41af-8cf3-c9bc397eb025"
         }
      ],
      "widgets": [
         {
            "collapsed": false,
            "config": {
               "chartViewItems": [],
               "isUpdatedView": true,
               "refreshContent": {"refreshContent": false},
               "refreshInterval": 300,
               "resource": {
                  "id": "Ext.vcops.chrome.model.Resource-3",
                  "resourceId": "resource:id:0_::_",
                  "resourceKindId": "002006VMWAREvSphere World",
                  "resourceName": "vSphere World",
                  "traversalSpecId": ""
               },
               "selectFirstRow": {"selectFirstRow": false},
               "selfProvider": {"selfProvider": true},
               "title": "VM that are down (based on 30 day uptime of 80%)",
               "traversalSpecId": null,
               "viewDefinitionId": "482bebc1-8b2e-4783-b2de-fb5fa62fdf8f"
            },
            "gridsterCoords": {
               "h": 6,
               "w": 12,
               "x": 1,
               "y": 1
            },
            "height": 324,
            "id": "83ba2582-6267-4b31-8fd4-448f930cb54b",
            "states": [{
               "key": "permSelectedDate_widget_10143f5f-d51c-4ebb-ba00-eec7db31ee7c_83ba2582-6267-4b31-8fd4-448f930cb54b",
               "value": "s%3A%7B%22minType%22%3A%22.TimeIntervalControl%22%2C%22advancedTimeMode%22%3Afalse%2C%22fromTime%22%3Anull%2C%22unit%22%3A%22DAYS%22%2C%22count%22%3A7%2C%22priorUnit%22%3Anull%2C%22priorCount%22%3Anull%2C%22startSubUnit%22%3Anull%2C%22startPeriod%22%3Anull%2C%22toTime%22%3Anull%2C%22endUnit%22%3Anull%2C%22endCount%22%3Anull%2C%22endSubUnit%22%3Anull%2C%22endPeriod%22%3Anull%7D"
            }],
            "title": "VM that are down (based on 30 day uptime of 80%)",
            "type": "View"
         },
         {
            "collapsed": false,
            "config": {
               "chartHeight": 135,
               "customFilter": {
                  "excludedResources": null,
                  "filter": [],
                  "includedResources": null
               },
               "depth": 1,
               "filterMode": "tagPicker",
               "metricFullName": "System|Powered ON",
               "metricKey": "sys|poweredOn",
               "metricLabel": "",
               "metricName": "System|Powered ON",
               "metricType": {"metricType": "custom"},
               "metricUnit": {
                  "metricUnitId": -1,
                  "metricUnitName": "Default Unit"
               },
               "mode": "all",
               "orangeBound": 0.5,
               "paginationNumber": 15,
               "redBound": 0,
               "refreshContent": {"refreshContent": false},
               "refreshInterval": 300,
               "relationshipMode": {"relationshipMode": 0},
               "resource": [],
               "resourceKindId": "resourceKind:id:0_::_",
               "selectFirstRow": {"selectFirstRow": false},
               "selfProvider": {"selfProvider": false},
               "showMetricLabel": {"showMetricLabel": false},
               "showResourceName": {"showResourceName": true},
               "sortBy": "metricValue",
               "sortByDir": {"orderByDir": "asc"},
               "tagFilter": null,
               "title": "Powered on Time History (Select a VM from above)",
               "yellowBound": 0.9
            },
            "gridsterCoords": {
               "h": 5,
               "w": 12,
               "x": 1,
               "y": 7
            },
            "height": 267,
            "id": "2884a815-b173-4bc1-b251-4102dd0f5ca4",
            "states": [
               {
                  "key": "perm_toolbarVisible_widget_10143f5f-d51c-4ebb-ba00-eec7db31ee7c_2884a815-b173-4bc1-b251-4102dd0f5ca4",
                  "value": "b%3A1"
               },
               {
                  "key": "permDateRange_HealthChart_widget_10143f5f-d51c-4ebb-ba00-eec7db31ee7c_2884a815-b173-4bc1-b251-4102dd0f5ca4",
                  "value": "s%3A%7B%22dateRange%22%3A%22last30Days%22%2C%22dateFrom%22%3Anull%2C%22dateTo%22%3Anull%2C%22timeFrom%22%3Anull%2C%22timeTo%22%3Anull%7D"
               }
            ],
            "title": "Powered on Time History (Select a VM from above)",
            "type": "HealthChart"
         },
         {
            "collapsed": false,
            "config": {},
            "gridsterCoords": {
               "h": 6,
               "w": 5,
               "x": 8,
               "y": 12
            },
            "height": 324,
            "id": "0b635224-a03e-458d-bdb1-5a501b54796d",
            "title": "Top Alerts",
            "type": "ProblemAlertsList"
         },
         {
            "collapsed": false,
            "config": {
               "customFilter": {
                  "excludedResources": null,
                  "filter": [],
                  "includedResources": null
               },
               "depth": "4,7",
               "filterMode": "tagPicker",
               "refreshContent": {"refreshContent": false},
               "refreshInterval": 300,
               "resourceId": null,
               "resourceName": null,
               "selfProvider": {"selfProvider": false},
               "tagFilter": null,
               "title": "Object Relationship (Advanced)",
               "traversalSpecId": ""
            },
            "gridsterCoords": {
               "h": 6,
               "w": 7,
               "x": 1,
               "y": 12
            },
            "height": 324,
            "id": "dfb16d84-9704-41af-8cf3-c9bc397eb025",
            "title": "Object Relationship (Advanced)",
            "type": "ResourceRelationshipAdvanced"
         }
      ]
   }],
   "entries": {
      "resource": [{
         "adapterKindKey": "VMWARE",
         "identifiers": [],
         "internalId": "resource:id:0_::_",
         "name": "vSphere World",
         "resourceKindKey": "vSphere World"
      }],
      "resourceKind": [{
         "adapterKindKey": "VMWARE",
         "internalId": "resourceKind:id:0_::_",
         "resourceKindKey": "VirtualMachine"
      }]
   },
   "uuid": "0b7e6a53-0f9a-4793-ab9b-3c9cd32f0dee"
}